1926-07-01,1.83187627677269
1926-08-01,3.06396968571766
1926-09-01,0.0107174484074396
1926-10-01,-2.46340025467843
1926-11-01,2.78639296063029
1926-12-01,2.75989007546046
1927-01-01,0.34947632103929
1927-02-01,3.76540469115126
1927-03-01,-0.0169032129020338
1927-04-01,-1.04048668761429
1927-05-01,5.17094941438437
1927-06-01,-3.10168051241334
1927-07-01,6.95767018966775
1927-08-01,0.642580253629215
1927-09-01,4.69403929302024
1927-10-01,-4.88508592442296
1927-11-01,6.4821404979847
1927-12-01,1.73564464371069
1928-01-01,-1.09633935030622
1928-02-01,-1.1152213487667
1928-03-01,6.30187478714648
1928-04-01,5.816050596848
1928-05-01,-0.0797577685255178
1928-06-01,-4.06909155616237
1928-07-01,0.192833318795159
1928-08-01,5.40261728926282
1928-09-01,2.01374023034196
1928-10-01,1.63508317571468
1928-11-01,13.2609870886516
1928-12-01,0.114762349542465
1929-01-01,4.80878677285937
1929-02-01,0.885933916468222
1929-03-01,2.89219526875089
1929-04-01,1.34520710913059
1929-05-01,-3.91056046090059
1929-06-01,9.00787415305654
1929-07-01,6.43977466815893
1929-08-01,12.693266404739
1929-09-01,-5.84775349503513
1929-10-01,-12.7078484070438
1929-11-01,-10.1155091388801
1929-12-01,0.630602319041694
1930-01-01,2.61152018012924
1930-02-01,1.74686601061618
1930-03-01,7.94186059422993
1930-04-01,-2.21577029838382
1930-05-01,-2.06064675216422
1930-06-01,-12.1471094153638
1930-07-01,3.57545186048767
1930-08-01,-0.289032342861806
1930-09-01,-11.0499083613122
1930-10-01,-7.03351080246165
1930-11-01,-3.47621478414331
1930-12-01,-8.10313713288995
1931-01-01,6.84136206650032
1931-02-01,7.46573146022308
1931-03-01,-9.08532025356659
1931-04-01,-9.31558970633533
1931-05-01,-14.3151619159252
1931-06-01,15.1458393787859
1931-07-01,-7.63626968697855
1931-08-01,1.03017716922002
1931-09-01,-27.0058739861223
1931-10-01,6.06825544592874
1931-11-01,-11.130662409828
1931-12-01,-15.2888960903133
1932-01-01,-1.17768841906517
1932-02-01,7.00076343622297
1932-03-01,-11.4850174439699
1932-04-01,-17.543821023182
1932-05-01,-18.8889740485786
1932-06-01,-2.39400970489817
1932-07-01,33.7664350425104
1932-08-01,37.3241783928235
1932-09-01,-3.84159711885249
1932-10-01,-11.539183707031
1932-11-01,-4.53085083501468
1932-12-01,4.56009367808692
1933-01-01,0.752115072773949
1933-02-01,-15.0439938786944
1933-03-01,0.893965431355784
1933-04-01,33.901184117012
1933-05-01,18.4425862726558
1933-06-01,13.4607425202576
1933-07-01,-11.2959359584942
1933-08-01,16.0506651883127
1933-09-01,-11.0401917546597
1933-10-01,-9.01207089126338
1933-11-01,11.8763789982725
1933-12-01,2.28569534190241
1934-01-01,13.4316404915636
1934-02-01,-3.53513308848932
1934-03-01,-0.462905081071599
1934-04-01,-2.30920446995555
1934-05-01,-8.26459313836774
1934-06-01,3.11381993645592
1934-07-01,-12.9898199643649
1934-08-01,4.04797773073174
1934-09-01,-0.188176094784562
1934-10-01,-3.5795275124093
1934-11-01,5.28369750372728
1934-12-01,-0.553122665899735
1935-01-01,-4.20653011789039
1935-02-01,-3.55855698091225
1935-03-01,-2.59283146241015
1935-04-01,11.0334712563819
1935-05-01,5.21832641464724
1935-06-01,5.66707819246474
1935-07-01,7.32295737405893
1935-08-01,2.20477617053635
1935-09-01,0.493938616992135
1935-10-01,7.68594776718874
1935-11-01,6.62120432938586
1935-12-01,5.81689844223678
1936-01-01,9.96541516385066
1936-02-01,3.17791239546193
1936-03-01,-0.343013875890136
1936-04-01,-8.27815003081178
1936-05-01,5.3626172152479
1936-06-01,2.03060461235547
1936-07-01,7.50467472658582
1936-08-01,1.24661453288073
1936-09-01,0.570709771184477
1936-10-01,8.90605355247898
1936-11-01,1.40711979784977
1936-12-01,1.88819690340259
1937-01-01,2.27806942930484
1937-02-01,1.86202142218168
1937-03-01,1.40871935086036
1937-04-01,-7.17560430147757
1937-05-01,-1.02676294335463
1937-06-01,-3.55591369304016
1937-07-01,8.73795376319579
1937-08-01,-5.88428744418583
1937-09-01,-13.2569110741079
1937-10-01,-9.32127378811186
1937-11-01,-7.0708103892944
1937-12-01,-3.00566672140093
1938-01-01,-1.2590272502244
1938-02-01,5.2784429418577
1938-03-01,-24.1716345861132
1938-04-01,14.6007439055018
1938-05-01,-3.53572303417667
1938-06-01,21.671855456239
1938-07-01,5.01479039977944
1938-08-01,-4.41058099945748
1938-09-01,1.16648451749108
1938-10-01,6.84861346396839
1938-11-01,-1.39322259264901
1938-12-01,4.58706284811879
1939-01-01,-5.38376769913024
1939-02-01,3.86024042159588
1939-03-01,-11.1413971802926
1939-04-01,-0.193879796278192
1939-05-01,5.69647535280434
1939-06-01,-6.02475841401654
1939-07-01,8.26076195094199
1939-08-01,-5.82737311525523
1939-09-01,18.1682416790787
1939-10-01,-1.16878039512358
1939-11-01,-4.01334441910476
1939-12-01,2.37720858196157
1940-01-01,-2.90979891832142
1940-02-01,1.31355617228808
1940-03-01,1.42033903805043
1940-04-01,-0.0757570902851308
1940-05-01,-20.5973993958788
1940-06-01,8.28253835350255
1940-07-01,2.43077062533049
1940-08-01,1.27983242554083
1940-09-01,1.15018436594782
1940-10-01,4.86255806561004
1940-11-01,-1.09626512021023
1940-12-01,1.44143169581791
1941-01-01,-3.27255329062284
1941-02-01,-1.45956591472938
1941-03-01,1.47568948904483
1941-04-01,-4.70714813687285
1941-05-01,2.10670871821877
1941-06-01,4.95305244434646
1941-07-01,5.68968855141381
1941-08-01,-0.833199743679905
1941-09-01,-1.68154352751279
1941-10-01,-3.1189176872618
1941-11-01,-1.41181414669638
1941-12-01,-5.61038462575046
1942-01-01,1.45226291007965
1942-02-01,-2.50814246016751
1942-03-01,-7.3756204745942
1942-04-01,-4.66886124953803
1942-05-01,4.48964223951661
1942-06-01,1.70881227902522
1942-07-01,4.65291328626264
1942-08-01,2.30467114994214
1942-09-01,2.54860661855792
1942-10-01,7.63053499724211
1942-11-01,-0.0322811674032521
1942-12-01,4.79503947878912
1943-01-01,6.68289212633403
1943-02-01,7.50052557497271
1943-03-01,6.15888967977858
1943-04-01,1.09681642284979
1943-05-01,5.41519125468376
1943-06-01,1.51339437529502
1943-07-01,-3.43319779243757
1943-08-01,1.22593802361619
1943-09-01,2.24457524879407
1943-10-01,-0.748667180062325
1943-11-01,-5.89248680591974
1943-12-01,6.14354035472769
1944-01-01,1.65577210798841
1944-02-01,0.664359426018946
1944-03-01,2.02794359149739
1944-04-01,-1.42378170108403
1944-05-01,4.69685911626104
1944-06-01,4.19145356644414
1944-07-01,-1.29387555743833
1944-08-01,0.700499338596626
1944-09-01,-0.169693638457659
1944-10-01,0.72772619015037
1944-11-01,2.30502232684416
1944-12-01,4.91936111599604
1945-01-01,1.95244753541249
1945-02-01,6.16119445842555
1945-03-01,-3.43700489944606
1945-04-01,7.31913632166597
1945-05-01,1.5399541595178
1945-06-01,1.06231140161261
1945-07-01,-2.36737011375889
1945-08-01,3.4016023180326
1945-09-01,4.35390407382252
1945-10-01,5.22632772238831
1945-11-01,6.51770727811452
1945-12-01,0.247196255359942
1946-01-01,5.42471743269186
1946-02-01,-5.51548605932371
1946-03-01,6.26622425234963
1946-04-01,4.35300588383951
1946-05-01,4.24147234949023
1946-06-01,-2.66112593091397
1946-07-01,-1.9905628332953
1946-08-01,-6.18935722914208
1946-09-01,-9.50398057760594
1946-10-01,-0.882263427427496
1946-11-01,0.60747818135102
1946-12-01,4.42394230842015
1947-01-01,0.50034040620842
1947-02-01,-1.77494335261002
1947-03-01,-1.06047434019945
1947-04-01,-3.5057354957447
1947-05-01,-0.403281659191323
1947-06-01,3.94828594869086
1947-07-01,4.16773799033726
1947-08-01,-1.9305279557987
1947-09-01,-0.78903030952807
1947-10-01,2.63134913715421
1947-11-01,-1.6661128094038
1947-12-01,4.47192570406608
1948-01-01,-3.89404007369945
1948-02-01,-3.45070464573753
1948-03-01,7.9212663739521
1948-04-01,5.30081184385853
1948-05-01,6.07936130063291
1948-06-01,1.27011923609804
1948-07-01,-4.9792438256578
1948-08-01,-0.0812177762503423
1948-09-01,-2.6062912087986
1948-10-01,6.04035369959791
1948-11-01,-9.94641988590454
1948-12-01,2.70337970783369
1949-01-01,-0.597470384968364
1949-02-01,-3.00175424841527
1949-03-01,3.55789777712095
1949-04-01,-0.774406594304824
1949-05-01,-3.73890538843032
1949-06-01,-0.320341045332355
1949-07-01,5.26148468309542
1949-08-01,2.78227941556789
1949-09-01,3.0398549869805
1949-10-01,2.8848684516458
1949-11-01,0.807314300406954
1949-12-01,3.83081633680361
1950-01-01,1.80146769240892
1950-02-01,1.03854055513052
1950-03-01,1.32534052950694
1950-04-01,3.09291116490494
1950-05-01,4.80153071837568
1950-06-01,-5.21423143318951
1950-07-01,5.06875896110118
1950-08-01,3.60824238814579
1950-09-01,3.72320116774656
1950-10-01,0.0500851932952269
1950-11-01,3.0301951022822
1950-12-01,6.94646812964096
1951-01-01,6.0109938421967
1951-02-01,1.05204080043507
1951-03-01,-2.99920580490746
1951-04-01,6.05198102967004
1951-05-01,-2.2162651101285
1951-06-01,-1.8224330607875
1951-07-01,7.37537426405211
1951-08-01,5.03990483074301
1951-09-01,0.293540268790785
1951-10-01,-0.866828351011791
1951-11-01,0.528107770799549
1951-12-01,3.26949746274445
1952-01-01,2.89812179832463
1952-02-01,-3.02626979223983
1952-03-01,5.31167220663038
1952-04-01,-5.12993496658292
1952-05-01,3.07287579077068
1952-06-01,4.36313089744414
1952-07-01,0.938845586872889
1952-08-01,-0.99130084474396
1952-09-01,-2.33356851332151
1952-10-01,-0.0348191101079761
1952-11-01,5.46513625100459
1952-12-01,3.36010465569943
1953-01-01,-0.493355418544618
1953-02-01,-0.258586508328185
1953-03-01,-1.44070314297851
1953-04-01,-2.80146933260792
1953-05-01,0.728509413981763
1953-06-01,-1.01700722337336
1953-07-01,2.6660464183265
1953-08-01,-4.90715674966983
1953-09-01,0.0301489196618923
1953-10-01,4.60242983311052
1953-11-01,2.38303803208503
1953-12-01,0.107105564167598
1954-01-01,6.44401360015176
1954-02-01,1.72921020172032
1954-03-01,3.32677930314847
1954-04-01,4.6237998424882
1954-05-01,3.1652079743292
1954-06-01,-0.752024359357939
1954-07-01,5.48664715791091
1954-08-01,-1.75267004217558
1954-09-01,6.78602056701304
1954-10-01,-1.29615678241548
1954-11-01,9.03133621880692
1954-12-01,6.41075063513489
1955-01-01,0.992327519471247
1955-02-01,2.73298986733896
1955-03-01,-0.0616134962136642
1955-04-01,2.57815868115134
1955-05-01,-0.0172608576142278
1955-06-01,7.60882285289329
1955-07-01,2.3119453977146
1955-08-01,-0.0771154026731589
1955-09-01,0.0380008199260677
1955-10-01,-1.83538270162613
1955-11-01,6.50584526956403
1955-12-01,1.46547709725063
1956-01-01,-1.06896535811235
1956-02-01,2.89901114732819
1956-03-01,7.5253913908376
1956-04-01,1.79748533875277
1956-05-01,-5.7246038309423
1956-06-01,2.4835111518643
1956-07-01,5.71425846903671
1956-08-01,-3.55972902816483
1956-09-01,-4.46197985569199
1956-10-01,0.662232413585658
1956-11-01,2.09785082760607
1956-12-01,3.97535652558758
1957-01-01,-3.3208123404139
1957-02-01,-1.82075729287737
1957-03-01,2.51850436261632
1957-04-01,4.19246381914729
1957-05-01,4.15307563142877
1957-06-01,-1.07596339612819
1957-07-01,0.84060257679086
1957-08-01,-3.93397142519022
1957-09-01,-5.01638368276571
1957-10-01,-3.76819679480744
1957-11-01,2.05852555588438
1957-12-01,-3.71611303132365
1958-01-01,4.96325652281975
1958-02-01,-1.27696508675099
1958-03-01,3.40547225171609
1958-04-01,3.32840122554176
1958-05-01,2.51087206468965
1958-06-01,3.08041367043279
1958-07-01,3.33579934886501
1958-08-01,1.67976046700138
1958-09-01,4.91473408396307
1958-10-01,2.93187447094207
1958-11-01,2.40076395755387
1958-12-01,6.18019966800225
1959-01-01,2.08238390828886
1959-02-01,0.651731170293913
1959-03-01,0.0688325018950847
1959-04-01,2.3894411238456
1959-05-01,1.01556427707744
1959-06-01,0.240713743713632
1959-07-01,2.88926947755329
1959-08-01,-0.997121784378294
1959-09-01,-4.20973468891074
1959-10-01,1.2409471928307
1959-11-01,-0.40574026945162
1959-12-01,3.27264991464586
1960-01-01,-5.30707296492748
1960-02-01,0.568910140000828
1960-03-01,-1.89157434484751
1960-04-01,-2.38671248749104
1960-05-01,1.40554172527011
1960-06-01,1.99237435119545
1960-07-01,-0.561143504884341
1960-08-01,3.71499686184601
1960-09-01,-4.59754163715173
1960-10-01,0.469984803362309
1960-11-01,4.04363661237643
1960-12-01,6.57397527672112
1961-01-01,7.81424858036529
1961-02-01,2.57656772032332
1961-03-01,3.21763663410814
1961-04-01,1.42010858288834
1961-05-01,1.68701489667808
1961-06-01,-3.49920551139727
1961-07-01,4.30077699001988
1961-08-01,1.63791180941155
1961-09-01,-2.60338615110437
1961-10-01,2.34942619308629
1961-11-01,5.66496877722184
1961-12-01,1.69772369226709
1962-01-01,-2.74170292903946
1962-02-01,2.41096818725381
1962-03-01,-0.960239497134827
1962-04-01,-5.25950285369626
1962-05-01,-6.34079548827116
1962-06-01,-6.97324762043929
1962-07-01,5.14333788289777
1962-08-01,1.64500366232542
1962-09-01,-4.43284905682002
1962-10-01,0.844265360487812
1962-11-01,10.3332988700901
1962-12-01,2.02749719784573
1963-01-01,4.49729332475007
1963-02-01,-1.72246554334379
1963-03-01,3.77282576677705
1963-04-01,4.9788327042989
1963-05-01,1.0414033782409
1963-06-01,-0.932707605509036
1963-07-01,0.266929908810746
1963-08-01,5.01046755024238
1963-09-01,-0.875684928466769
1963-10-01,1.55553286885486
1963-11-01,0.198304859849536
1963-12-01,2.32960430078931
1964-01-01,2.7480954544329
1964-02-01,1.40900492078578
1964-03-01,1.70451241198446
1964-04-01,0.87321721996431
1964-05-01,1.32152254985063
1964-06-01,2.20793529117461
1964-07-01,1.3028337337184
1964-08-01,-1.17514499984137
1964-09-01,2.85145912246302
1964-10-01,1.09909047266511
1964-11-01,-0.526942725165213
1964-12-01,0.440696220677079
1965-01-01,2.14426189785625
1965-02-01,-0.10975523665824
1965-03-01,-1.33809295685716
1965-04-01,2.25488799818182
1965-05-01,0.195271965614382
1965-06-01,-4.16698955388299
1965-07-01,1.33035779909043
1965-08-01,2.05775947935809
1965-09-01,2.55034030247237
1965-10-01,1.88834506009287
1965-11-01,-0.790451067986122
1965-12-01,0.926285569026032
1966-01-01,1.02907549278593
1966-02-01,-1.80661869430368
1966-03-01,-2.89153812810393
1966-04-01,1.88797761620996
1966-05-01,-4.78274651344259
1966-06-01,-0.69390651033934
1966-07-01,-0.835435450402184
1966-08-01,-6.79184613571189
1966-09-01,0.253386453185376
1966-10-01,7.26970643510441
1966-11-01,-0.925626752436167
1966-12-01,0.720096060973089
1967-01-01,6.96507850987437
1967-02-01,-0.603106712969624
1967-03-01,3.53835964105571
1967-04-01,1.86613764235534
1967-05-01,-3.94869468945509
1967-06-01,1.8217315274315
1967-07-01,4.50986312736945
1967-08-01,-0.746701363580404
1967-09-01,2.72019294810529
1967-10-01,-4.05627878485536
1967-11-01,0.0269667205612751
1967-12-01,3.08671998094081
1968-01-01,-2.34708177697599
1968-02-01,-2.40491337649777
1968-03-01,-0.660506850166236
1968-04-01,6.28079190180029
1968-05-01,0.821684529302496
1968-06-01,2.19036523464146
1968-07-01,0.76429409205133
1968-08-01,1.986492566314
1968-09-01,4.38334417143124
1968-10-01,2.47485715259255
1968-11-01,5.13132191599741
1968-12-01,-3.36591706713894
1969-01-01,0.163972816824559
1969-02-01,-5.09656690134197
1969-03-01,3.11975202142436
1969-04-01,1.20001658943552
1969-05-01,0.994133099752212
1969-06-01,-7.75422679745677
1969-07-01,-6.80013787372752
1969-08-01,3.56138130335759
1969-09-01,-4.18085947433618
1969-10-01,3.72390554657224
1969-11-01,-3.7458564877167
1969-12-01,-2.80949085577273
1970-01-01,-7.5812212133751
1970-02-01,8.00879396400733
1970-03-01,1.43892021386964
1970-04-01,-8.39464619514734
1970-05-01,-3.44729455109022
1970-06-01,-4.59970169954916
1970-07-01,9.2586881918653
1970-08-01,5.33770257421435
1970-09-01,0.645260589846086
1970-10-01,-1.72411569678379
1970-11-01,6.04056695241435
1970-12-01,6.14778307413285
1971-01-01,3.82948007320186
1971-02-01,0.760567503528869
1971-03-01,2.62109999954425
1971-04-01,3.38672565808793
1971-05-01,-4.41698899956497
1971-06-01,-0.169300170602582
1971-07-01,-3.79428480632381
1971-08-01,2.64334750993205
1971-09-01,-1.44535622393761
1971-10-01,-3.77802534928112
1971-11-01,-0.269885853216749
1971-12-01,8.59146049634444
1972-01-01,1.04289688224159
1972-02-01,1.05112566728583
1972-03-01,-0.80767269523828
1972-04-01,0.428144668026827
1972-05-01,0.614150924825488
1972-06-01,-3.10149123608258
1972-07-01,-0.812745408539295
1972-08-01,6.79097833980418
1972-09-01,-0.827308448783699
1972-10-01,1.78815728746566
1972-11-01,7.09641812781381
1972-12-01,-0.0732148984088938
1973-01-01,-1.82056229203844
1973-02-01,-4.50191851639466
1973-03-01,0.946309025906827
1973-04-01,-2.32258746106144
1973-05-01,-2.07342737469894
1973-06-01,-0.158541602880461
1973-07-01,3.4041659185829
1973-08-01,-2.27303700296598
1973-09-01,8.22745917011881
1973-10-01,-0.37091847062114
1973-11-01,-11.0195528356885
1973-12-01,4.80862844191723
1974-01-01,-0.591363583661828
1974-02-01,1.54243449146404
1974-03-01,-2.80195509282804
1974-04-01,-4.56468681334267
1974-05-01,-4.14268665200058
1974-06-01,-2.08049395373496
1974-07-01,-4.27254661253162
1974-08-01,-7.50548794351884
1974-09-01,-7.45615682974011
1974-10-01,14.0131315394241
1974-11-01,-3.52869740189792
1974-12-01,-0.307137637005545
1975-01-01,13.4681077563134
1975-02-01,2.89130225577143
1975-03-01,1.73832232455315
1975-04-01,4.84643145065797
1975-05-01,5.77903598043801
1975-06-01,6.4068894954396
1975-07-01,-4.92710721970415
1975-08-01,-1.03610269519539
1975-09-01,-2.86507196341878
1975-10-01,5.65635340490179
1975-11-01,2.82212150015651
1975-12-01,-0.0907992810590853
1976-01-01,12.0215487174825
1976-02-01,1.16901988293167
1976-03-01,3.12047261613376
1976-04-01,-0.102929493518847
1976-05-01,-0.495195730449093
1976-06-01,4.05045864503446
1976-07-01,-0.27287177602542
1976-08-01,0.598461397025986
1976-09-01,3.22171941904774
1976-10-01,-1.65253646960923
1976-11-01,1.3536235200572
1976-12-01,6.55957808389751
1977-01-01,-1.83645820130914
1977-02-01,-1.73783536937331
1977-03-01,-0.94028942619559
1977-04-01,2.24331015281159
1977-05-01,-0.403904319839471
1977-06-01,3.84378491286925
1977-07-01,-1.58319315240971
1977-08-01,-3.53211799059331
1977-09-01,0.475005763507521
1977-10-01,-3.92147254090532
1977-11-01,3.59637346939797
1977-12-01,0.843457043580919
1978-01-01,-5.60310633234769
1978-02-01,-0.162747833632389
1978-03-01,3.50453558754622
1978-04-01,6.08368403443658
1978-05-01,1.11663431780551
1978-06-01,-1.73248687762018
1978-07-01,4.70558891473927
1978-08-01,3.58348246375827
1978-09-01,0.895069642087262
1978-10-01,-9.38144643345197
1978-11-01,3.31871141335485
1978-12-01,0.397907733545754
1979-01-01,5.41521051083903
1979-02-01,-2.46457862016
1979-03-01,5.95771532187913
1979-04-01,0.514535723049335
1979-05-01,-1.30269734215488
1979-06-01,5.44289835827965
1979-07-01,1.99734819897641
1979-08-01,5.27282890411693
1979-09-01,0.766947841712873
1979-10-01,-6.46908786515734
1979-11-01,5.07725262959715
1979-12-01,1.09038824012996
1980-01-01,6.77633380776127
1980-02-01,2.36387223178618
1980-03-01,-11.2144142783404
1980-04-01,5.87344388157059
1980-05-01,5.49831828257811
1980-06-01,3.18324747615474
1980-07-01,4.02382196795371
1980-08-01,1.32704902342272
1980-09-01,1.70981686160274
1980-10-01,1.87683968700359
1980-11-01,11.1347698588169
1980-12-01,-3.67626321547567
1981-01-01,-3.3166478778747
1981-02-01,1.25458906692124
1981-03-01,3.61022687838765
1981-04-01,-1.55260709901369
1981-05-01,0.545259218246578
1981-06-01,1.4179790297467
1981-07-01,-0.609519192443385
1981-08-01,-4.41821460236167
1981-09-01,-4.38568392108347
1981-10-01,3.92159455106072
1981-11-01,4.83248584732921
1981-12-01,-2.83863552554268
1982-01-01,-2.18520618590885
1982-02-01,-2.78832745636595
1982-03-01,0.473041916969082
1982-04-01,2.98211097591301
1982-05-01,-2.12854481872903
1982-06-01,-1.31727810142849
1982-07-01,-2.85387432948409
1982-08-01,13.0978993079271
1982-09-01,0.825352870728584
1982-10-01,10.8550065447588
1982-11-01,2.87954984905172
1982-12-01,1.38063599845226
1983-01-01,4.60800512237905
1983-02-01,2.35010139368035
1983-03-01,3.73199050197078
1983-04-01,8.23219706500596
1983-05-01,-0.037249788501714
1983-06-01,1.91534451246782
1983-07-01,-1.72499740480651
1983-08-01,3.20261248355064
1983-09-01,0.90507607178221
1983-10-01,-0.567222825451089
1983-11-01,2.26820998121041
1983-12-01,-1.05229836233489
1984-01-01,2.19035334390756
1984-02-01,-2.61280101573803
1984-03-01,1.00415505951082
1984-04-01,0.946638280098729
1984-05-01,-5.38491890558512
1984-06-01,1.63992705067473
1984-07-01,-2.17254933717237
1984-08-01,11.4295185226633
1984-09-01,2.09231420910497
1984-10-01,-0.17142605674996
1984-11-01,0.174022059042074
1984-12-01,2.5318024335234
1985-01-01,6.51322350308816
1985-02-01,2.16116649375689
1985-03-01,0.873648732607916
1985-04-01,1.03729450988878
1985-05-01,5.40232913442706
1985-06-01,1.65097489860077
1985-07-01,-1.6054115444939
1985-08-01,0.273495508638052
1985-09-01,-3.79944879552157
1985-10-01,5.51984641630245
1985-11-01,5.41610797705533
1985-12-01,4.01911875524607
1986-01-01,0.733427474082781
1986-02-01,7.41585330551509
1986-03-01,4.98907543136917
1986-04-01,-2.66171694619657
1986-05-01,5.25121915331833
1986-06-01,1.56342614560114
1986-07-01,-3.81252345117174
1986-08-01,9.23438336306082
1986-09-01,-7.12622922915169
1986-10-01,5.45050526110134
1986-11-01,1.93501945968967
1986-12-01,-3.12469545596132
1987-01-01,12.0388854675817
1987-02-01,0.963522989402138
1987-03-01,2.56801152675224
1987-04-01,-1.21621702145906
1987-05-01,0.293708544522353
1987-06-01,5.14332708713471
1987-07-01,4.01508081982725
1987-08-01,3.53406442211135
1987-09-01,-1.64264163450224
1987-10-01,-19.2662142207581
1987-11-01,-7.15803415594658
1987-12-01,5.52269650307068
1988-01-01,7.30344868887425
1988-02-01,3.37792611734668
1988-03-01,-2.19051134713735
1988-04-01,1.76350309063061
1988-05-01,1.44442354953889
1988-06-01,4.2682972717819
1988-07-01,0.098170162369085
1988-08-01,-2.57863359514587
1988-09-01,3.43909230864607
1988-10-01,2.43083020138803
1988-11-01,-1.1758530864262
1988-12-01,1.23136875672696
1989-01-01,6.80413362070045
1989-02-01,-2.12710331741256
1989-03-01,2.0701369961306
1989-04-01,4.6369826971939
1989-05-01,3.76990570391074
1989-06-01,-0.147902704962708
1989-07-01,6.82340754711213
1989-08-01,2.61601114289776
1989-09-01,-0.423878443593907
1989-10-01,-2.9640005140289
1989-11-01,1.41555619772131
1989-12-01,2.55407768272875
1990-01-01,-6.69241899237197
1990-02-01,2.33778436760128
1990-03-01,0.770271087597197
1990-04-01,-3.61547040105997
1990-05-01,8.26520155328259
1990-06-01,-2.19782372059247
1990-07-01,-0.184630247716184
1990-08-01,-8.2719817374984
1990-09-01,-4.18405487592588
1990-10-01,-1.18507271198283
1990-11-01,6.21775831528764
1990-12-01,1.99049877452886
1991-01-01,3.25353000067549
1991-02-01,6.38912892511618
1991-03-01,1.15875741818886
1991-04-01,0.656482749335066
1991-05-01,3.38281281433105
1991-06-01,-4.18742444746352
1991-07-01,3.68306832730049
1991-08-01,1.48001447931187
1991-09-01,-0.753475774136035
1991-10-01,1.69326914180569
1991-11-01,-5.01684427382918
1991-12-01,8.62562104944447
1992-01-01,-1.09809571549803
1992-02-01,1.70129233694635
1992-03-01,-1.15600286494667
1992-04-01,4.93072872654874
1992-05-01,0.260006991083028
1992-06-01,-0.171012089783543
1992-07-01,3.91584400387091
1992-08-01,-2.77167290873204
1992-09-01,0.817844419511552
1992-10-01,-0.672901013916425
1992-11-01,2.78801836054866
1992-12-01,2.30084794421582
1993-01-01,2.54958671585249
1993-02-01,4.09481854812941
1993-03-01,2.81020606516328
1993-04-01,-0.694196629810473
1993-05-01,1.6331509227171
1993-06-01,1.89919697399438
1993-07-01,1.37663171283247
1993-08-01,4.04229846411885
1993-09-01,0.38682234126584
1993-10-01,-0.426617002023056
1993-11-01,-2.64325192642868
1993-12-01,1.67426861119936
1994-01-01,3.92169285886488
1994-02-01,-3.73009590007498
1994-03-01,-3.72351865534883
1994-04-01,1.77847626098789
1994-05-01,1.26360298085033
1994-06-01,-2.18774818271721
1994-07-01,3.61965850337925
1994-08-01,2.78086580493964
1994-09-01,-3.38875842775282
1994-10-01,2.1189852046542
1994-11-01,-4.24347951701243
1994-12-01,1.0052213990927
1995-01-01,3.16592772643908
1995-02-01,3.91326494442843
1995-03-01,2.58356951809873
1995-04-01,3.14025622908054
1995-05-01,4.18491771330931
1995-06-01,1.65428736635944
1995-07-01,3.74357421952113
1995-08-01,1.29327598890714
1995-09-01,3.6658146681375
1995-10-01,-0.555586514644985
1995-11-01,4.03388930903623
1995-12-01,1.85137688021035
1996-01-01,2.92591731180438
1996-02-01,1.68949525916995
1996-03-01,1.55104569646883
1996-04-01,1.33436232125906
1996-05-01,1.4066272920378
1996-06-01,-0.35947913797432
1996-07-01,-3.87509025749967
1996-08-01,3.46665818707665
1996-09-01,3.95946984958977
1996-10-01,3.66346662682434
1996-11-01,7.52255917316996
1996-12-01,-1.41091636033643
1997-01-01,4.72597874405742
1997-02-01,0.650473334609115
1997-03-01,-3.29221065506702
1997-04-01,3.88203065265515
1997-05-01,6.11854881060949
1997-06-01,4.05950012553304
1997-07-01,8.88717387065031
1997-08-01,-3.81753781093739
1997-09-01,5.98371433601601
1997-10-01,-3.3428997680665
1997-11-01,4.0612636412166
1997-12-01,2.82342405420828
1998-01-01,-1.056393337246
1998-02-01,7.54091389527556
1998-03-01,5.33652779921651
1998-04-01,1.7341282894173
1998-05-01,-1.32099193860964
1998-06-01,2.34511463114792
1998-07-01,-0.822183083149673
1998-08-01,-15.5403497169505
1998-09-01,5.39316475572108
1998-10-01,8.92791226379509
1998-11-01,6.27692347984476
1998-12-01,4.6787096649314
1999-01-01,3.08974119533009
1999-02-01,-2.4517440087149
1999-03-01,2.73890820378735
1999-04-01,6.51309486423558
1999-05-01,-1.34982082937423
1999-06-01,3.76341630489557
1999-07-01,-3.43507844538687
1999-08-01,-2.95322677301579
1999-09-01,-4.11645717627896
1999-10-01,7.26355803495552
1999-11-01,0.478485308481663
1999-12-01,2.77381129543761
2000-01-01,-3.69507095286702
2000-02-01,-4.93294037932969
2000-03-01,10.7688604248585
2000-04-01,-1.17686190748942
2000-05-01,-1.12473171588564
2000-06-01,-4.43388668883669
2000-07-01,2.24438622756247
2000-08-01,6.78108062445299
2000-09-01,-0.220841163123501
2000-10-01,0.970223631099423
2000-11-01,-5.73850620292975
2000-12-01,5.02398757533542
2001-01-01,1.62855065411051
2001-02-01,-4.00263938006271
2001-03-01,-3.23551420911338
2001-04-01,5.27971536469476
2001-05-01,1.67221687889356
2001-06-01,-2.54396776338376
2001-07-01,-1.46720258874952
2001-08-01,-6.14855415431397
2001-09-01,-8.56023013675405
2001-10-01,0.34434283654929
2001-11-01,7.2303941852989
2001-12-01,2.03278597574949
2002-01-01,-1.28153447805964
2002-02-01,-2.04854310812722
2002-03-01,4.8655316773163
2002-04-01,-4.97062958129515
2002-05-01,-0.04390309622587
2002-06-01,-6.56882697959633
2002-07-01,-8.63174730614767
2002-08-01,0.933997113610112
2002-09-01,-11.7091534900089
2002-10-01,7.83654818598469
2002-11-01,6.05653379988244
2002-12-01,-5.2693035352357
2003-01-01,-2.85456758297635
2003-02-01,-3.15385157676426
2003-03-01,-0.385523533875632
2003-04-01,9.48106164202103
2003-05-01,7.33063627101146
2003-06-01,1.24060276742113
2003-07-01,3.13470053433163
2003-08-01,1.94382361849276
2003-09-01,-1.43033611811454
2003-10-01,8.07601260913527
2003-11-01,1.29578786082697
2003-12-01,4.46307365284726
2004-01-01,1.85013717243798
2004-02-01,1.86431116635026
2004-03-01,-0.901621922682042
2004-04-01,-3.54386172333842
2004-05-01,1.58160459722351
2004-06-01,1.19240150455611
2004-07-01,-1.48274821648624
2004-08-01,1.18226281226613
2004-09-01,1.92724100112378
2004-10-01,1.24488417957508
2004-11-01,4.83519533231694
2004-12-01,3.17447896860374
2005-01-01,-1.67034787077091
2005-02-01,3.35931465087734
2005-03-01,-2.17026882308157
2005-04-01,-2.16389524657773
2005-05-01,2.64849289663125
2005-06-01,1.8324641486192
2005-07-01,2.85793189772668
2005-08-01,-0.419583026357302
2005-09-01,1.63099496027188
2005-10-01,-2.18100543825486
2005-11-01,3.69584852729751
2005-12-01,0.522659950217386
2006-01-01,3.33856610387437
2006-02-01,0.24392760311297
2006-03-01,1.53724931696927
2006-04-01,2.45364805004466
2006-05-01,-2.56473156785283
2006-06-01,0.452780803891115
2006-07-01,1.29616716908018
2006-08-01,1.44819190372344
2006-09-01,2.39072785916552
2006-10-01,3.26952205476619
2006-11-01,2.05820056388619
2006-12-01,2.42405010182928
2007-01-01,1.54279664656253
2007-02-01,-1.67634278172125
2007-03-01,1.35970290491469
2007-04-01,3.68444800522077
2007-05-01,3.7940541217742
2007-06-01,-2.41769388871756
2007-07-01,-4.51263337548558
2007-08-01,1.57635655891681
2007-09-01,2.55567837990936
2007-10-01,1.07272687947979
2007-11-01,-5.24061485972546
2007-12-01,-0.789284298074951
2008-01-01,-4.4538920849605
2008-02-01,-4.11749791968223
2008-03-01,-2.11654648826455
2008-04-01,5.50216623725853
2008-05-01,0.837117557378236
2008-06-01,-10.1212365879308
2008-07-01,-0.669683900381953
2008-08-01,1.34782906442117
2008-09-01,-7.9101280419891
2008-10-01,-17.0594573139984
2008-11-01,-7.92012077048991
2008-12-01,0.848333635213788
2009-01-01,-11.3077722109898
2009-02-01,-12.0385909061727
2009-03-01,9.03866051452348
2009-04-01,10.4958151262068
2009-05-01,5.769255853413
2009-06-01,-0.931417408559977
2009-07-01,8.6298695033088
2009-08-01,5.08134067301383
2009-09-01,3.69153725689884
2009-10-01,-2.94937971533742
2009-11-01,4.81617616691739
2009-12-01,2.4839718418013
2010-01-01,-2.77165418322208
2010-02-01,3.25475523712161
2010-03-01,6.44135354994796
2010-04-01,1.90885338318871
2010-05-01,-8.37079977995002
2010-06-01,-6.3584904070655
2010-07-01,6.54010493878855
2010-08-01,-4.55469503879708
2010-09-01,7.79644543082379
2010-10-01,3.02309650137511
2010-11-01,0.0754435902681932
2010-12-01,8.1013891762962
2011-01-01,2.91102252984831
2011-02-01,4.15874045940381
2011-03-01,0.267749560329302
2011-04-01,2.16376937139826
2011-05-01,-1.87094730198584
2011-06-01,-2.00572377722625
2011-07-01,-3.26236956203342
2011-08-01,-7.02374878087928
2011-09-01,-7.77080285477454
2011-10-01,12.0299239284342
2011-11-01,-0.372360275982296
2011-12-01,1.78688067296023
2012-01-01,4.06467221399174
2012-02-01,4.44218772865475
2012-03-01,2.68828091054893
2012-04-01,-0.996221091308068
2012-05-01,-6.6021584334648
2012-06-01,4.97703292377692
2012-07-01,1.21588078357898
2012-08-01,2.46142610073602
2012-09-01,3.3294761286113
2012-10-01,-0.801947383360066
2012-11-01,-0.201833983047557
2012-12-01,2.06007835613639
2013-01-01,6.47271856600399
2013-02-01,1.27672134466925
2013-03-01,3.95233467851555
2013-04-01,1.79615387439712
2013-05-01,3.3213268895755
2013-06-01,-0.839724397602651
2013-07-01,5.21916914112973
2013-08-01,-3.56322836701144
2013-09-01,2.73925031118324
2013-10-01,4.46006937937706
2013-11-01,2.74603741032758
2013-12-01,3.24284928907869
2014-01-01,-3.60589111970046
2014-02-01,4.17687640790823
2014-03-01,1.95874401709741
2014-04-01,0.384538585560241
2014-05-01,1.91885015588797
2014-06-01,2.7022205616487
2014-07-01,-1.58068634841747
2014-08-01,3.54307902690635
2014-09-01,-1.95630211322674
2014-10-01,1.5284306267779
2014-11-01,1.87029527986401
2014-12-01,0.796993525701219
2015-01-01,-4.50348555280205
2015-02-01,5.607767909722
2015-03-01,-1.6516034106771
2015-04-01,1.4965792041644
2015-05-01,1.2966477170981
2015-06-01,-1.758159030086
2015-07-01,1.20065749845505
2015-08-01,-6.06780541826936
2015-09-01,-3.0579862220695
2015-10-01,8.0274147813939
2015-11-01,0.284628232685731
2015-12-01,-2.40629309458179
2016-01-01,-5.98236404060219
2016-02-01,-0.404914881618801
2016-03-01,6.99993328742378
2016-04-01,2.28663645607411
2016-05-01,1.46704246314102
2016-06-01,-0.236694672521494
2016-07-01,2.49232519195906
2016-08-01,1.34673675896132
2016-09-01,-0.26447414066058
2016-10-01,-1.04228901762551
2016-11-01,6.93074400116996
2016-12-01,2.5384910813273
2017-01-01,0.65828630719826
2017-02-01,3.18551568534579
2017-03-01,-1.0134671246958
2017-04-01,0.294414265009513
2017-05-01,-0.343555839162006
2017-06-01,1.55628486481754
2017-07-01,1.87147182843487
2017-08-01,-0.388215911887237
2017-09-01,3.14650685459461
2017-10-01,2.01480568594865
2017-11-01,3.22520597455311
2017-12-01,1.42346963737514
2018-01-01,5.69922462732432
2018-02-01,-4.51236980949967
2018-03-01,-2.90377749700805
2018-04-01,0.333302997258895
2018-05-01,0.962832598251399
2018-06-01,-0.026657375549616
2018-07-01,4.32911773637502
2018-08-01,1.45244146733696
2018-09-01,0.0724248399495084
2018-10-01,-5.16127685775362
2018-11-01,2.53647343234854
2018-12-01,-9.34195538770939
2019-01-01,7.87520489988216
2019-02-01,2.43947419722439
2019-03-01,0.273977063786354
2019-04-01,4.21793003831802
2019-05-01,-6.4509813379562
2019-06-01,6.32977404640182
2019-07-01,1.5110241964206
2019-08-01,-3.39056300800499
2019-09-01,3.09594860073709
2019-10-01,2.13748510962639
2019-11-01,3.65788030357396
2019-12-01,2.36678985789734
2020-01-01,-1.76399034330301
2020-02-01,-9.40248711635653
2020-03-01,-15.9274059985753
2020-04-01,12.2848159753829
2020-05-01,3.91672414426895
2020-06-01,-0.829985344803988
2020-07-01,4.6196990343288
2020-08-01,5.16503661133953
2020-09-01,-3.04511951871168
2020-10-01,-1.21363097311058
2020-11-01,12.038888095162
2020-12-01,2.96806464978303
2021-01-01,-0.474916531324176
2021-02-01,5.11857022803563
2021-03-01,5.45343850192499
2021-04-01,4.71968682512712
2021-05-01,2.27227280476187
2021-06-01,-0.515386965089274
2021-07-01,1.26796904853037
2021-08-01,2.75688911278472
2021-09-01,-4.1860450479921
2021-10-01,5.30116102974061
2021-11-01,-3.4900213582439
2021-12-01,5.57911222778931
